Product_Title,Products_Price,Overall_Rating,Total_Reviews,Availability
The Psychology of Money,NA,4.6 out of 5 stars,47479 ratings,In stock.
Atomic Habits: The life-changing million copy bestseller,NA,4.7 out of 5 stars,58057 ratings,In stock.
Everything Is F*cked : A Book About Hope,NA,4.4 out of 5 stars,9058 ratings,In stock.
Thinking Fast and Slow,NA,4.5 out of 5 stars,17778 ratings,In stock.
Funding Your Startup: And Other Nightmares,NA,4.6 out of 5 stars,358 ratings,In stock.
The DREAM Founder: Creating a Successful Start-up,NA,5.0 out of 5 stars,5 ratings,In stock.
Go Start Up: Your Best Guide to Unlocking the Values and Culture of Success,NA,4.5 out of 5 stars,108 ratings,In stock.
The Black Tiger,NA,4.5 out of 5 stars,55 ratings,In stock.
The Everyday Hero Manifesto,NA,4.5 out of 5 stars,2259 ratings,In stock.
Psychopathology of Everyday Life,NA,4.3 out of 5 stars,548 ratings,In stock.
Mark Manson Boxset (Everything is F*cked + Subtle Art of Not Giving a F*ck),NA,4.6 out of 5 stars,792 ratings,In stock.
Zen: The Art of Simple Living,NA,4.6 out of 5 stars,2317 ratings,In stock.
